20190730.BX_ITCH_50	gzip -9	383058713	2.186	276.4	5.5
20190730.BX_ITCH_50	zstd -3	358568133	2.336	4.9	0.8
20190730.BX_ITCH_50	zstd -19 --long	304865129	2.747	463.2	1.1
20190730.BX_ITCH_50	zstd -22 --ultra --long	303457187	2.760	1039.7	2.6
20190730.BX_ITCH_50	xz -9e	274989268	3.045	875.2	7.2
20190730.PSX_ITCH_50	gzip -9	403350275	2.276	353.7	3.2
20190730.PSX_ITCH_50	zstd -3	380497721	2.413	7.7	1.4
20190730.PSX_ITCH_50	zstd -19 --long	317805867	2.889	458.0	5.4
20190730.PSX_ITCH_50	zstd -22 --ultra --long	317014866	2.896	1364.7	8.8
20190730.PSX_ITCH_50	xz -9e	278581832	3.295	1932.8	71.9
