20190730.BX_ITCH_50	837472908	FreeIdea	1	128031857	6.541	7.97	6.78	105.0	123.4	3	3
20190730.BX_ITCH_50	837472908	zstd -3	1	358568133	2.336	2.16	0.63	388.4	1319.8	3	3
20190730.BX_ITCH_50	837472908	gzip -9	1	383058713	2.186	253.83	2.72	3.3	307.6	1	3
20190730.BX_ITCH_50	837472908	zstd -19 --long	1	304865129	2.747	293.65	0.86	2.9	976.1	1	3
20190730.BX_ITCH_50	837472908	xz -9e	1	274989268	3.045	621.96	6.27	1.3	133.5	1	3
itto_400m.bin	400000000	FreeIdea	1	56372367	7.096	8.78	7.78	45.6	51.4	3	3
itto_400m.bin	400000000	zstd -3	1	174276649	2.295	1.03	0.31	389.2	1280.4	3	3
itto_400m.bin	400000000	gzip -9	1	169785654	2.356	191.35	1.36	2.1	294.5	1	3
itto_400m.bin	400000000	zstd -19 --long	1	130169534	3.073	116.82	0.44	3.4	906.4	1	3
itto_400m.bin	400000000	xz -9e	1	111884916	3.575	244.78	2.89	1.6	138.2	1	3
deep_300m.pcap	300000000	FreeIdea	1	14326568	20.940	2.11	1.43	142.3	210.0	3	3
deep_300m.pcap	300000000	zstd -3	1	61457528	4.881	0.44	0.14	688.3	2120.4	3	3
deep_300m.pcap	300000000	gzip -9	1	69944041	4.289	30.83	0.54	9.7	556.2	3	3
deep_300m.pcap	300000000	zstd -19 --long	1	50981837	5.884	121.94	0.19	2.5	1612.1	1	3
deep_300m.pcap	300000000	xz -9e	1	40983876	7.320	226.85	1.10	1.3	271.9	1	3
20190730.BX_ITCH_50	837472908	FreeIdea	8	128298456	6.528	1.62	1.19	516.7	703.5	3	3
20190730.BX_ITCH_50	837472908	FreeIdea	16	128763384	6.504	1.31	0.95	637.4	882.9	3	3
20190730.BX_ITCH_50	837472908	zstd -19 --long	8	304865129	2.747	78.55	0.86	10.7	969.4	1	3
20190730.BX_ITCH_50	837472908	xz -9	8	275745728	3.037	109.46	1.70	7.7	493.9	1	3
itto_big.bin	7232849310	FreeIdea	8	1174856053	6.156	28.95	26.03	249.8	277.9	3	3
itto_big.bin	7232849310	FreeIdea	16	1198783304	6.033	19.60	17.85	369.0	405.1	3	3
itto_big.bin	7232849310	zstd -19 --long	8	2477029271	2.920	447.63	7.54	16.2	959.0	1	3
itto_big.bin	7232849310	xz -9	8	2165675524	3.340	508.53	8.71	14.2	830.0	1	3
deep_20260930_3g.pcap	3000000000	FreeIdea	8	155090402	19.344	3.96	2.47	757.4	1212.7	3	3
deep_20260930_3g.pcap	3000000000	FreeIdea	16	155195795	19.330	3.36	2.15	892.8	1397.4	3	3
deep_20260930_3g.pcap	3000000000	zstd -19 --long	8	516318702	5.810	241.74	2.13	12.4	1407.0	1	3
deep_20260930_3g.pcap	3000000000	xz -9	8	420543424	7.134	202.62	1.98	14.8	1516.7	1	3
